{
    "accuracy": 0.9532,
    "report": {
        "False": {
            "precision": 0.995531914893617,
            "recall": 0.9564595257563369,
            "f1-score": 0.975604670558799,
            "support": 4892.0
        },
        "True": {
            "precision": 0.29,
            "recall": 0.8055555555555556,
            "f1-score": 0.4264705882352941,
            "support": 108.0
        },
        "accuracy": 0.9532,
        "macro avg": {
            "precision": 0.6427659574468085,
            "recall": 0.8810075406559462,
            "f1-score": 0.7010376293970465,
            "support": 5000.0
        },
        "weighted avg": {
            "precision": 0.9802924255319149,
            "recall": 0.9532,
            "f1-score": 0.9637433743806112,
            "support": 5000.0
        }
    }
}